lambda,turn,seedPopulation,error
0.9,0,1.0,0.0
0.9,1,0.865,0.07618426132842882
0.9,2,0.793,0.10297362107752961
0.9,3,0.703,0.11766750831449457
0.9,4,0.625,0.12343504640972147
0.9,5,0.57,0.12117627518503798
0.9,6,0.499,0.120376939410062
0.9,7,0.449,0.11757183737473442
0.9,8,0.383,0.11950046417583726
0.9,9,0.347,0.1108083026482242
0.9,10,0.322,0.11234620582141736
0.9,11,0.285,0.10657133821630038
0.9,12,0.227,0.09566946978585875
0.9,13,0.195,0.0859329625028812
0.9,14,0.158,0.0739866782070944
0.9,15,0.154,0.08048318702208179
0.9,16,0.129,0.07999013846258934
0.9,17,0.127,0.08238108594321375
0.9,18,0.089,0.0566143022135284
0.9,19,0.084,0.05648905832886176
0.9,20,0.074,0.055873769232967496
0.9,21,0.077,0.06251739898348432
0.9,22,0.056,0.045415311261510244
0.9,23,0.038,0.03243459057043143
0.9,24,0.037,0.033150332712112325
0.9,25,0.031,0.03358855732449738
0.9,26,0.036,0.03878347069355595
0.9,27,0.034,0.03930516332707681
0.9,28,0.023,0.028036455468186134
0.9,29,0.021,0.029432048269407426
0.9,30,0.013,0.01563233433343249
0.9,31,0.012,0.01626162473218164
0.9,32,0.009,0.014322861725471446
0.9,33,0.009,0.014322861725471446
0.9,34,0.004,0.006301049219019872
0.9,35,0.002,0.005149082133514746
0.9,36,0.002,0.005149082133514746
0.9,37,0.0,0.0
0.9,38,0.0,0.0
0.9,39,0.0,0.0
0.9,40,0.0,0.0
0.9,41,0.0,0.0
0.9,42,0.0,0.0
0.9,43,0.0,0.0
0.9,44,0.0,0.0
0.9,45,0.0,0.0
0.9,46,0.0,0.0
0.9,47,0.0,0.0
0.9,48,0.0,0.0
0.9,49,0.0,0.0
0.95,0,1.0,0.0
0.95,1,1.024,0.08556345100032625
0.95,2,1.007,0.1118915759840462
0.95,3,0.987,0.13406272261386054
0.95,4,0.971,0.14966785183735076
0.95,5,0.896,0.15392997298519007
0.95,6,0.872,0.16956737324300086
0.95,7,0.811,0.17491529196574118
0.95,8,0.766,0.17646299516715458
0.95,9,0.726,0.1823011048303701
0.95,10,0.638,0.16619501380787832
0.95,11,0.629,0.1728563603755392
0.95,12,0.56,0.15761886572635853
0.95,13,0.505,0.1559169499243963
0.95,14,0.491,0.16015608896611866
0.95,15,0.444,0.16231534756983862
0.95,16,0.389,0.15190141729603068
0.95,17,0.378,0.17464646954032662
0.95,18,0.347,0.17791115201347663
0.95,19,0.323,0.15495001748342604
0.95,20,0.295,0.151031813343732
0.95,21,0.259,0.13299660488786122
0.95,22,0.251,0.1407543768973198
0.95,23,0.204,0.11299596833807657
0.95,24,0.182,0.09919036713378944
0.95,25,0.176,0.10661021112007876
0.95,26,0.161,0.10428384192148489
0.95,27,0.158,0.10901072731023599
0.95,28,0.13,0.10870793133934104
0.95,29,0.119,0.10414887289028586
0.95,30,0.108,0.1034937314010186
0.95,31,0.104,0.09538167570856926
0.95,32,0.099,0.08792596251741187
0.95,33,0.104,0.09724170132936702
0.95,34,0.092,0.0789539372858445
0.95,35,0.073,0.06265521452219937
0.95,36,0.065,0.05529190249336289
0.95,37,0.072,0.0676034240044765
0.95,38,0.08,0.08297209599148146
0.95,39,0.075,0.08207867040992999
0.95,40,0.057,0.06774729779594922
0.95,41,0.048,0.06575663902070361
0.95,42,0.065,0.08491548594676256
0.95,43,0.07,0.0899366579671769
0.95,44,0.072,0.0902208252482676
0.95,45,0.081,0.10978107736337064
0.95,46,0.067,0.09891020180986586
0.95,47,0.065,0.09311453702725209
0.95,48,0.056,0.08075395354325454
0.95,49,0.06,0.08411571633962955
1.0,0,1.0,0.0
1.0,1,0.974,0.08126420998517636
1.0,2,0.949,0.11404843121124197
1.0,3,0.929,0.1385202113028734
1.0,4,0.934,0.16130623808772937
1.0,5,0.903,0.18343795105612626
1.0,6,0.84,0.18664367418694316
1.0,7,0.829,0.1968742414158975
1.0,8,0.805,0.19913967739224836
1.0,9,0.792,0.20562695452105872
1.0,10,0.792,0.2176344991539434
1.0,11,0.727,0.20384025007807938
1.0,12,0.743,0.21939883712197628
1.0,13,0.753,0.23703215963952695
1.0,14,0.702,0.22578133453715743
1.0,15,0.688,0.2367333715055726
1.0,16,0.693,0.2557313506534004
1.0,17,0.673,0.27284429798168164
1.0,18,0.663,0.292233834098961
1.0,19,0.651,0.3020778927665319
1.0,20,0.654,0.3109430777179576
1.0,21,0.659,0.3114380981902892
1.0,22,0.687,0.3470688022184287
1.0,23,0.689,0.35455126870327175
1.0,24,0.653,0.35444189011405924
1.0,25,0.661,0.36681906606056025
1.0,26,0.636,0.3620254915718767
1.0,27,0.638,0.37048051777370883
1.0,28,0.674,0.3821937366527886
1.0,29,0.651,0.3813201795811539
1.0,30,0.673,0.39891331283444453
1.0,31,0.678,0.4126179145523498
1.0,32,0.689,0.40750465428815735
1.0,33,0.705,0.4153078450592192
1.0,34,0.698,0.4090040274650621
1.0,35,0.678,0.4049734198825502
1.0,36,0.693,0.41188107397919826
1.0,37,0.711,0.41987976338614674
1.0,38,0.739,0.4355427945647922
1.0,39,0.715,0.4397339351112523
1.0,40,0.713,0.43656036992320846
1.0,41,0.701,0.42871580918826946
1.0,42,0.695,0.42782016287612745
1.0,43,0.685,0.4181244223735009
1.0,44,0.676,0.41337866562852493
1.0,45,0.635,0.396976789265721
1.0,46,0.589,0.3769528747261411
1.0,47,0.548,0.36083402540485776
1.0,48,0.562,0.3631659533587495
1.0,49,0.584,0.3810220478827118
1.05,0,1.0,0.0
1.05,1,1.011,0.07842031832795593
1.05,2,1.046,0.11769831967758326
1.05,3,1.083,0.13914512120553357
1.05,4,1.175,0.17913360390715072
1.05,5,1.309,0.22013199083412172
1.05,6,1.379,0.24975396868534494
1.05,7,1.481,0.28733648933860634
1.05,8,1.543,0.3137456419492348
1.05,9,1.613,0.34258753426909605
1.05,10,1.698,0.3786100732233053
1.05,11,1.71,0.40477336025973565
1.05,12,1.871,0.47448676840743564
1.05,13,1.991,0.5096818313351563
1.05,14,2.053,0.5467569556218399
1.05,15,2.224,0.6001948919426456
1.05,16,2.326,0.6531732465490332
1.05,17,2.44,0.6868071002192995
1.05,18,2.554,0.7475369246793928
1.05,19,2.733,0.7968256695452327
1.05,20,2.87,0.8506989717008286
1.05,21,3.004,0.8973798326800089
1.05,22,3.21,0.9445109813534449
1.05,23,3.453,1.011254283759535
1.05,24,3.652,1.0587031205541382
1.05,25,3.808,1.0991131429370116
1.05,26,4.109,1.1952156592133365
1.05,27,4.313,1.2461824661795804
1.05,28,4.352,1.2654955153345133
1.05,29,4.524,1.3241652362317309
1.05,30,4.575,1.3482205905941345
1.05,31,4.681,1.3804888885276156
1.05,32,4.87,1.4284108062245617
1.05,33,4.952,1.444495346363909
1.05,34,5.065,1.4702159795481609
1.05,35,5.309,1.5278631318103173
1.05,36,5.447,1.5631383381007353
1.05,37,5.593,1.5930819165406183
1.05,38,5.76,1.6277863560541563
1.05,39,5.964,1.6743102561546586
1.05,40,6.145,1.7201448550395417
1.05,41,6.265,1.7511751887396256
1.05,42,6.282,1.7646263346089057
1.05,43,6.403,1.7850229285694654
1.05,44,6.527,1.8092652733673447
1.05,45,6.619,1.8292230335407043
1.05,46,6.717,1.8563473196673081
1.05,47,6.814,1.877373894253168
1.05,48,6.844,1.8823826126614431
1.05,49,6.898,1.8953756393737642
1.1,0,1.0,0.0
1.1,1,1.059,0.08564463938545352
1.1,2,1.168,0.12602561741965856
1.1,3,1.32,0.16995789432152297
1.1,4,1.489,0.21725526828405384
1.1,5,1.594,0.2572886540666557
1.1,6,1.744,0.30811552891640237
1.1,7,1.881,0.35517350810113
1.1,8,2.086,0.4137122190575113
1.1,9,2.277,0.46370845054071896
1.1,10,2.572,0.5386921679567007
1.1,11,2.85,0.6206171928283837
1.1,12,3.122,0.6898468876180077
1.1,13,3.488,0.7800972765114329
1.1,14,3.785,0.8443487323520982
1.1,15,4.305,0.9733566968865053
1.1,16,4.778,1.0852305915581426
1.1,17,5.183,1.180695392801601
1.1,18,5.598,1.2700755721029102
1.1,19,6.127,1.384087957684697
1.1,20,6.573,1.4773154031448845
1.1,21,7.142,1.598284618592488
1.1,22,7.597,1.6736956910307939
1.1,23,8.087,1.7730940077667974
1.1,24,8.584,1.8622852966384569
1.1,25,9.062,1.9422814612355515
1.1,26,9.649,2.0379088263255074
1.1,27,10.144,2.1165846028208826
1.1,28,10.574,2.1872090330283775
1.1,29,10.902,2.242502251463188
1.1,30,11.338,2.302880362608592
1.1,31,11.732,2.359667971326731
1.1,32,12.058,2.4012209527683392
1.1,33,12.377,2.4463041199856637
1.1,34,12.854,2.50445153685558
1.1,35,13.163,2.540739884096366
1.1,36,13.545,2.590805395877874
1.1,37,13.853,2.6272643090614185
1.1,38,14.084,2.6624693541272286
1.1,39,14.307,2.6892777441595914
1.1,40,14.618,2.728928042037378
1.1,41,14.833,2.7577968339592243
1.1,42,15.031,2.785859170935801
1.1,43,15.226,2.806423563908252
1.1,44,15.422,2.828907878911936
1.1,45,15.609,2.854118969394319
1.1,46,15.731,2.8710510934052778
1.1,47,15.925,2.8927186672837646
1.1,48,16.06,2.9083204910152034
1.1,49,16.12,2.9146548330193944
1.15,0,1.0,0.0
1.15,1,1.185,0.08775888617143224
1.15,2,1.31,0.13784658274931827
1.15,3,1.503,0.18822934982457928
1.15,4,1.757,0.2453665149276345
1.15,5,2.039,0.30544469093836146
1.15,6,2.347,0.37384673761824105
1.15,7,2.749,0.4482831043178339
1.15,8,3.11,0.5300572308507676
1.15,9,3.602,0.6234762558128448
1.15,10,4.138,0.7261872518919046
1.15,11,4.714,0.8341957676871861
1.15,12,5.478,0.9633102808140652
1.15,13,6.246,1.1110740020265801
1.15,14,7.113,1.274903405203581
1.15,15,8.086,1.435813104121582
1.15,16,9.105,1.6212548232140893
1.15,17,10.36,1.8291007232090806
1.15,18,11.542,2.012427099882064
1.15,19,12.862,2.2068333277941807
1.15,20,14.021,2.364247288036921
1.15,21,15.098,2.5125500385848447
1.15,22,16.013,2.6129383486760496
1.15,23,17.174,2.74156310814174
1.15,24,18.088,2.8335834698616083
1.15,25,19.063,2.9430865082198956
1.15,26,19.819,3.0240809096372843
1.15,27,20.463,3.0761405429244277
1.15,28,21.019,3.1263253560758635
1.15,29,21.557,3.1703936066045806
1.15,30,22.053,3.212911294389947
1.15,31,22.565,3.2557726094838024
1.15,32,23.0,3.2885987076055017
1.15,33,23.471,3.328773976484353
1.15,34,23.772,3.355521687671974
1.15,35,24.09,3.37966660226715
1.15,36,24.35,3.4009722032254217
1.15,37,24.652,3.4226761578569516
1.15,38,24.936,3.444574293886511
1.15,39,25.164,3.4654689982768403
1.15,40,25.43,3.4888493988108635
1.15,41,25.578,3.502777367200938
1.15,42,25.724,3.5155793894514282
1.15,43,25.813,3.5231620634336274
1.15,44,25.894,3.5297234392360863
1.15,45,25.952,3.5353402131747345
1.15,46,25.99,3.539626146060616
1.15,47,26.03,3.5431907036486407
1.15,48,26.039,3.544050466927313
1.15,49,26.054,3.5446528694294734
1.2,0,1.0,0.0
1.2,1,1.184,0.08901135863882703
1.2,2,1.419,0.13970019192259997
1.2,3,1.771,0.2024044478807343
1.2,4,2.159,0.2792574264768235
1.2,5,2.599,0.3531817895130245
1.2,6,3.091,0.43968069989255865
1.2,7,3.61,0.5396340874418155
1.2,8,4.428,0.6926098745538214
1.2,9,5.278,0.8393675482540441
1.2,10,6.31,1.0097247584414593
1.2,11,7.61,1.2263379670700134
1.2,12,9.036,1.472596688252347
1.2,13,10.664,1.7374863276596155
1.2,14,12.441,2.004009300611319
1.2,15,14.108,2.231400258530151
1.2,16,15.882,2.4482767372515557
1.2,17,17.769,2.6593533859600615
1.2,18,19.279,2.813719680468278
1.2,19,20.686,2.9444820718887854
1.2,20,21.916,3.0524467840629264
1.2,21,23.226,3.1691085679746394
1.2,22,24.325,3.2557355197295585
1.2,23,25.304,3.334651131091487
1.2,24,26.104,3.393871073332342
1.2,25,26.857,3.447778602922476
1.2,26,27.4,3.4843478253862443
1.2,27,27.944,3.520016462665957
1.2,28,28.456,3.5514139113004894
1.2,29,28.99,3.5839477456475457
1.2,30,29.394,3.6133760315500787
1.2,31,29.732,3.6392176361475066
1.2,32,30.03,3.659470366100681
1.2,33,30.292,3.676108880751368
1.2,34,30.495,3.6859298090360717
1.2,35,30.697,3.697842453988283
1.2,36,30.853,3.7085049117997357
1.2,37,31.013,3.720293751901071
1.2,38,31.168,3.7315150860444746
1.2,39,31.241,3.7377270657578343
1.2,40,31.33,3.7463337271548127
1.2,41,31.36,3.7495284673568925
1.2,42,31.36,3.7495284673568925
1.2,43,31.36,3.7495284673568925
1.2,44,31.36,3.7495284673568925
1.2,45,31.36,3.7495284673568925
1.2,46,31.36,3.7495284673568925
1.2,47,31.36,3.7495284673568925
1.2,48,31.36,3.7495284673568925
1.2,49,31.36,3.7495284673568925
1.25,0,1.0,0.0
1.25,1,1.217,0.08907719028474048
1.25,2,1.522,0.15415248403740733
1.25,3,1.891,0.2201862371183938
1.25,4,2.382,0.3089285628769711
1.25,5,3.064,0.4277730838962306
1.25,6,3.909,0.5536338626488018
1.25,7,4.9,0.7153296412591601
1.25,8,6.095,0.9181448615952359
1.25,9,7.55,1.1713525344901434
1.25,10,9.483,1.4656937517048814
1.25,11,11.648,1.7604697463573462
1.25,12,14.086,2.066387684833309
1.25,13,16.672,2.356328347822002
1.25,14,19.09,2.604847293934423
1.25,15,21.59,2.8240158342648556
1.25,16,23.884,3.020992680004511
1.25,17,26.009,3.188132678807328
1.25,18,27.959,3.3329213848438677
1.25,19,29.845,3.4726372841167112
1.25,20,31.259,3.5707980530677865
1.25,21,32.517,3.6510867203465125
1.25,22,33.35,3.699069802430248
1.25,23,34.073,3.7427160279702036
1.25,24,34.653,3.776134651255248
1.25,25,35.103,3.8015456786136497
1.25,26,35.504,3.8285420000384605
1.25,27,35.778,3.844360054863319
1.25,28,35.988,3.855235944830838
1.25,29,36.109,3.860675025988975
1.25,30,36.214,3.865460968502809
1.25,31,36.294,3.871573038915443
1.25,32,36.394,3.8778105090855988
1.25,33,36.441,3.880565726240633
1.25,34,36.472,3.8814775253726665
1.25,35,36.481,3.881947936238319
1.25,36,36.51,3.8828453681294164
1.25,37,36.558,3.883647328105333
1.25,38,36.601,3.8860888847233213
1.25,39,36.618,3.8868129682497212
1.25,40,36.647,3.889053918194101
1.25,41,36.65,3.8891196933063057
1.25,42,36.665,3.889678607640114
1.25,43,36.676,3.8903320749800727
1.25,44,36.698,3.8922568950915206
1.25,45,36.698,3.8922568950915206
1.25,46,36.698,3.8922568950915206
1.25,47,36.698,3.8922568950915206
1.25,48,36.698,3.8922568950915206
1.25,49,36.698,3.8922568950915206
1.3,0,1.0,0.0
1.3,1,1.29,0.0935809811002637
1.3,2,1.646,0.15610214152350688
1.3,3,2.086,0.2283150349301808
1.3,4,2.818,0.3309602472489419
1.3,5,3.658,0.4597190449487667
1.3,6,4.628,0.6154109358625321
1.3,7,6.099,0.8406253522444986
1.3,8,8.106,1.1477473501664726
1.3,9,10.443,1.466935921373718
1.3,10,13.435,1.8705412317000665
1.3,11,16.941,2.3004643673211884
1.3,12,20.228,2.623342748751824
1.3,13,23.34,2.890822369126628
1.3,14,26.535,3.129776523640075
1.3,15,29.197,3.3195316870628133
1.3,16,31.656,3.483397179785957
1.3,17,33.656,3.602630101094867
1.3,18,35.275,3.695913284649258
1.3,19,36.503,3.7626509680735722
1.3,20,37.487,3.8091349727795816
1.3,21,38.301,3.851537910661996
1.3,22,38.904,3.884368340386331
1.3,23,39.398,3.909458589620435
1.3,24,39.729,3.9271637572408906
1.3,25,39.913,3.9342362359721363
1.3,26,40.019,3.9354681709332553
1.3,27,40.12,3.9365680491682227
1.3,28,40.285,3.9413873249390363
1.3,29,40.414,3.9472687699919433
1.3,30,40.526,3.9545039877073904
1.3,31,40.612,3.958394697958852
1.3,32,40.665,3.9598923295446795
1.3,33,40.704,3.962056188415204
1.3,34,40.761,3.9664859803284642
1.3,35,40.761,3.9664859803284642
1.3,36,40.761,3.9664859803284642
1.3,37,40.761,3.9664859803284642
1.3,38,40.761,3.9664859803284642
1.3,39,40.761,3.9664859803284642
1.3,40,40.761,3.9664859803284642
1.3,41,40.761,3.9664859803284642
1.3,42,40.761,3.9664859803284642
1.3,43,40.761,3.9664859803284642
1.3,44,40.761,3.9664859803284642
1.3,45,40.761,3.9664859803284642
1.3,46,40.761,3.9664859803284642
1.3,47,40.761,3.9664859803284642
1.3,48,40.761,3.9664859803284642
1.3,49,40.761,3.9664859803284642
1.35,0,1.0,0.0
1.35,1,1.341,0.09797362387771935
1.35,2,1.892,0.17931798084354722
1.35,3,2.645,0.27822503979997837
1.35,4,3.683,0.4173361070036594
1.35,5,4.867,0.5746196070468388
1.35,6,6.81,0.8310309584590909
1.35,7,9.304,1.1773021743076608
1.35,8,12.538,1.5706023991756108
1.35,9,16.458,2.008047264573378
1.35,10,21.086,2.469811471537458
1.35,11,25.787,2.851166863944229
1.35,12,30.219,3.1772298870903413
1.35,13,34.247,3.4285033009647137
1.35,14,37.551,3.602524879699608
1.35,15,40.078,3.7254826757492907
1.35,16,42.032,3.817440708218328
1.35,17,43.638,3.879981312564304
1.35,18,44.708,3.9196664044790595
1.35,19,45.518,3.946997358583374
1.35,20,46.142,3.9689591546131524
1.35,21,46.539,3.9791273010330386
1.35,22,46.962,3.992176912115035
1.35,23,47.272,4.005832820104473
1.35,24,47.449,4.013204382735829
1.35,25,47.567,4.016023957588047
1.35,26,47.672,4.021411912217012
1.35,27,47.706,4.022392775667761
1.35,28,47.731,4.023665217785499
1.35,29,47.762,4.02513477138104
1.35,30,47.769,4.025685521297696
1.35,31,47.769,4.025685521297696
1.35,32,47.769,4.025685521297696
1.35,33,47.769,4.025685521297696
1.35,34,47.769,4.025685521297696
1.35,35,47.769,4.025685521297696
1.35,36,47.769,4.025685521297696
1.35,37,47.769,4.025685521297696
1.35,38,47.769,4.025685521297696
1.35,39,47.769,4.025685521297696
1.35,40,47.769,4.025685521297696
1.35,41,47.769,4.025685521297696
1.35,42,47.769,4.025685521297696
1.35,43,47.769,4.025685521297696
1.35,44,47.769,4.025685521297696
1.35,45,47.769,4.025685521297696
1.35,46,47.769,4.025685521297696
1.35,47,47.769,4.025685521297696
1.35,48,47.769,4.025685521297696
1.35,49,47.769,4.025685521297696
1.4,0,1.0,0.0
1.4,1,1.42,0.09847621475286616
1.4,2,1.955,0.18255662068113154
1.4,3,2.796,0.2975543782980212
1.4,4,3.872,0.43330330741341383
1.4,5,5.409,0.6411058494773831
1.4,6,7.627,0.9286851368854157
1.4,7,10.729,1.3249720394261928
1.4,8,14.801,1.7939045044912678
1.4,9,20.158,2.342635731211484
1.4,10,25.386,2.7724049430910362
1.4,11,30.918,3.140842587692866
1.4,12,35.854,3.442796715200828
1.4,13,39.683,3.6388259398326497
1.4,14,42.507,3.756396397485375
1.4,15,44.85,3.837129406059155
1.4,16,46.597,3.9049441334742383
1.4,17,47.792,3.948914122376536
1.4,18,48.657,3.980113354069047
1.4,19,49.166,3.997742216743845
1.4,20,49.523,4.01012156932854
1.4,21,49.713,4.013526121963565
1.4,22,49.875,4.018030652485834
1.4,23,49.986,4.022166987141468
1.4,24,50.086,4.024128522361728
1.4,25,50.121,4.024608086355407
1.4,26,50.172,4.026717765407085
1.4,27,50.194,4.02747724908491
1.4,28,50.2,4.027317147538
1.4,29,50.215,4.027176100778696
1.4,30,50.254,4.028542256125569
1.4,31,50.262,4.029131723596144
1.4,32,50.262,4.029131723596144
1.4,33,50.262,4.029131723596144
1.4,34,50.262,4.029131723596144
1.4,35,50.262,4.029131723596144
1.4,36,50.262,4.029131723596144
1.4,37,50.262,4.029131723596144
1.4,38,50.262,4.029131723596144
1.4,39,50.262,4.029131723596144
1.4,40,50.262,4.029131723596144
1.4,41,50.262,4.029131723596144
1.4,42,50.262,4.029131723596144
1.4,43,50.262,4.029131723596144
1.4,44,50.262,4.029131723596144
1.4,45,50.262,4.029131723596144
1.4,46,50.262,4.029131723596144
1.4,47,50.262,4.029131723596144
1.4,48,50.262,4.029131723596144
1.4,49,50.262,4.029131723596144
1.45,0,1.0,0.0
1.45,1,1.468,0.10052257600080128
1.45,2,2.139,0.1858827902101472
1.45,3,3.082,0.30444162305954015
1.45,4,4.463,0.4708248953272056
1.45,5,6.366,0.6920599236892482
1.45,6,9.211,1.0093060302256518
1.45,7,13.358,1.4849333919294647
1.45,8,18.88,2.0909001445277724
1.45,9,25.451,2.659068898993848
1.45,10,32.013,3.096863376590967
1.45,11,37.843,3.4038337738550624
1.45,12,42.94,3.622783180015709
1.45,13,46.826,3.7720658597757435
1.45,14,49.585,3.8621661738446633
1.45,15,51.451,3.922717920710191
1.45,16,52.674,3.9597674582749818
1.45,17,53.304,3.968713196918223
1.45,18,53.836,3.97794043845267
1.45,19,54.193,3.985844082978211
1.45,20,54.497,3.9941071904254812
1.45,21,54.667,3.9996766370531702
1.45,22,54.732,4.001885680126605
1.45,23,54.8,4.005152006036951
1.45,24,54.806,4.005561464449777
1.45,25,54.806,4.005561464449777
1.45,26,54.806,4.005561464449777
1.45,27,54.806,4.005561464449777
1.45,28,54.806,4.005561464449777
1.45,29,54.806,4.005561464449777
1.45,30,54.806,4.005561464449777
1.45,31,54.806,4.005561464449777
1.45,32,54.806,4.005561464449777
1.45,33,54.806,4.005561464449777
1.45,34,54.806,4.005561464449777
1.45,35,54.806,4.005561464449777
1.45,36,54.806,4.005561464449777
1.45,37,54.806,4.005561464449777
1.45,38,54.806,4.005561464449777
1.45,39,54.806,4.005561464449777
1.45,40,54.806,4.005561464449777
1.45,41,54.806,4.005561464449777
1.45,42,54.806,4.005561464449777
1.45,43,54.806,4.005561464449777
1.45,44,54.806,4.005561464449777
1.45,45,54.806,4.005561464449777
1.45,46,54.806,4.005561464449777
1.45,47,54.806,4.005561464449777
1.45,48,54.806,4.005561464449777
1.45,49,54.806,4.005561464449777
1.5,0,1.0,0.0
1.5,1,1.543,0.0979543891536434
1.5,2,2.399,0.19663886639353567
1.5,3,3.626,0.3382302616886701
1.5,4,5.289,0.5238598442620983
1.5,5,7.988,0.8185054025273173
1.5,6,12.146,1.256900934266035
1.5,7,18.101,1.890818022750011
1.5,8,25.768,2.5214068973242547
1.5,9,34.139,3.082553892110294
1.5,10,41.56,3.4459343915711855
1.5,11,47.256,3.6420263131149397
1.5,12,51.679,3.762929539940153
1.5,13,54.791,3.8347405770815257
1.5,14,56.868,3.881919681044245
1.5,15,58.09,3.9030689872124285
1.5,16,58.891,3.9161646200364686
1.5,17,59.376,3.9276714705168345
1.5,18,59.635,3.931616595498326
1.5,19,59.769,3.9331164485441477
1.5,20,59.855,3.935051166114171
1.5,21,59.899,3.935744787470007
1.5,22,59.918,3.935923880745463
1.5,23,59.942,3.9370189121046835
1.5,24,59.942,3.9370189121046835
1.5,25,59.942,3.9370189121046835
1.5,26,59.942,3.9370189121046835
1.5,27,59.942,3.9370189121046835
1.5,28,59.942,3.9370189121046835
1.5,29,59.942,3.9370189121046835
1.5,30,59.942,3.9370189121046835
1.5,31,59.942,3.9370189121046835
1.5,32,59.942,3.9370189121046835
1.5,33,59.942,3.9370189121046835
1.5,34,59.942,3.9370189121046835
1.5,35,59.942,3.9370189121046835
1.5,36,59.942,3.9370189121046835
1.5,37,59.942,3.9370189121046835
1.5,38,59.942,3.9370189121046835
1.5,39,59.942,3.9370189121046835
1.5,40,59.942,3.9370189121046835
1.5,41,59.942,3.9370189121046835
1.5,42,59.942,3.9370189121046835
1.5,43,59.942,3.9370189121046835
1.5,44,59.942,3.9370189121046835
1.5,45,59.942,3.9370189121046835
1.5,46,59.942,3.9370189121046835
1.5,47,59.942,3.9370189121046835
1.5,48,59.942,3.9370189121046835
1.5,49,59.942,3.9370189121046835
1.55,0,1.0,0.0
1.55,1,1.59,0.10544867573208982
1.55,2,2.491,0.20935517552647553
1.55,3,3.907,0.3623996028823995
1.55,4,6.061,0.5970552242625624
1.55,5,9.347,0.956096316033582
1.55,6,14.561,1.512891976180203
1.55,7,22.004,2.2517698583783563
1.55,8,30.514,2.9034518981642847
1.55,9,38.62,3.353096221383197
1.55,10,45.258,3.62328224499673
1.55,11,49.946,3.757515294909105
1.55,12,53.379,3.830473276067643
1.55,13,55.65,3.8674475107723723
1.55,14,57.287,3.888037187868406
1.55,15,58.568,3.9118930401436955
1.55,16,59.226,3.924235935975446
1.55,17,59.577,3.931920596947961
1.55,18,59.749,3.9335873777856563
1.55,19,59.883,3.935547974978803
1.55,20,59.928,3.936735930094038
1.55,21,59.955,3.937853312546686
1.55,22,59.955,3.937853312546686
1.55,23,59.955,3.937853312546686
1.55,24,59.955,3.937853312546686
1.55,25,59.955,3.937853312546686
1.55,26,59.955,3.937853312546686
1.55,27,59.955,3.937853312546686
1.55,28,59.955,3.937853312546686
1.55,29,59.955,3.937853312546686
1.55,30,59.955,3.937853312546686
1.55,31,59.955,3.937853312546686
1.55,32,59.955,3.937853312546686
1.55,33,59.955,3.937853312546686
1.55,34,59.955,3.937853312546686
1.55,35,59.955,3.937853312546686
1.55,36,59.955,3.937853312546686
1.55,37,59.955,3.937853312546686
1.55,38,59.955,3.937853312546686
1.55,39,59.955,3.937853312546686
1.55,40,59.955,3.937853312546686
1.55,41,59.955,3.937853312546686
1.55,42,59.955,3.937853312546686
1.55,43,59.955,3.937853312546686
1.55,44,59.955,3.937853312546686
1.55,45,59.955,3.937853312546686
1.55,46,59.955,3.937853312546686
1.55,47,59.955,3.937853312546686
1.55,48,59.955,3.937853312546686
1.55,49,59.955,3.937853312546686
1.6,0,1.0,0.0
1.6,1,1.556,0.10150414807015617
1.6,2,2.528,0.21239608077365535
1.6,3,3.944,0.3706408393285967
1.6,4,6.256,0.6238638579112656
1.6,5,10.11,1.0465093927248361
1.6,6,16.05,1.666275884598539
1.6,7,24.427,2.3835409299133197
1.6,8,34.118,3.022590623448753
1.6,9,42.985,3.428488577804991
1.6,10,49.895,3.6447975315798686
1.6,11,54.796,3.7540875253829995
1.6,12,58.241,3.815465724848785
1.6,13,60.293,3.8597898809537057
1.6,14,61.23,3.8692172362385264
1.6,15,61.769,3.874528188895738
1.6,16,62.112,3.8783243641660192
1.6,17,62.344,3.8820111962597252
1.6,18,62.452,3.885499717915458
1.6,19,62.477,3.883861587825784
1.6,20,62.496,3.882877906425364
1.6,21,62.534,3.881784882572447
1.6,22,62.581,3.882299837736035
1.6,23,62.621,3.8839656985696394
1.6,24,62.621,3.8839656985696394
1.6,25,62.621,3.8839656985696394
1.6,26,62.621,3.8839656985696394
1.6,27,62.621,3.8839656985696394
1.6,28,62.621,3.8839656985696394
1.6,29,62.621,3.8839656985696394
1.6,30,62.621,3.8839656985696394
1.6,31,62.621,3.8839656985696394
1.6,32,62.621,3.8839656985696394
1.6,33,62.621,3.8839656985696394
1.6,34,62.621,3.8839656985696394
1.6,35,62.621,3.8839656985696394
1.6,36,62.621,3.8839656985696394
1.6,37,62.621,3.8839656985696394
1.6,38,62.621,3.8839656985696394
1.6,39,62.621,3.8839656985696394
1.6,40,62.621,3.8839656985696394
1.6,41,62.621,3.8839656985696394
1.6,42,62.621,3.8839656985696394
1.6,43,62.621,3.8839656985696394
1.6,44,62.621,3.8839656985696394
1.6,45,62.621,3.8839656985696394
1.6,46,62.621,3.8839656985696394
1.6,47,62.621,3.8839656985696394
1.6,48,62.621,3.8839656985696394
1.6,49,62.621,3.8839656985696394
1.65,0,1.0,0.0
1.65,1,1.68,0.10993692577300962
1.65,2,2.788,0.22480742639910334
1.65,3,4.531,0.4029097590008881
1.65,4,7.247,0.6752898516001249
1.65,5,11.936,1.1308034512585916
1.65,6,19.516,1.8682022107063432
1.65,7,30.05,2.653956195203115
1.65,8,41.264,3.26662515013048
1.65,9,50.368,3.593678456727119
1.65,10,56.296,3.7393628892849193
1.65,11,59.768,3.797819161227956
1.65,12,61.913,3.83236263168876
1.65,13,62.894,3.8393932625682723
1.65,14,63.461,3.8475169110113043
1.65,15,63.68,3.849429830364244
1.65,16,63.776,3.848371584461262
1.65,17,63.896,3.8503980161225755
1.65,18,63.934,3.8499003836953634
1.65,19,63.989,3.848887958887893
1.65,20,64.039,3.8474936307042427
1.65,21,64.103,3.8485789571294333
1.65,22,64.116,3.84921518729341
1.65,23,64.116,3.84921518729341
1.65,24,64.116,3.84921518729341
1.65,25,64.116,3.84921518729341
1.65,26,64.116,3.84921518729341
1.65,27,64.116,3.84921518729341
1.65,28,64.116,3.84921518729341
1.65,29,64.116,3.84921518729341
1.65,30,64.116,3.84921518729341
1.65,31,64.116,3.84921518729341
1.65,32,64.116,3.84921518729341
1.65,33,64.116,3.84921518729341
1.65,34,64.116,3.84921518729341
1.65,35,64.116,3.84921518729341
1.65,36,64.116,3.84921518729341
1.65,37,64.116,3.84921518729341
1.65,38,64.116,3.84921518729341
1.65,39,64.116,3.84921518729341
1.65,40,64.116,3.84921518729341
1.65,41,64.116,3.84921518729341
1.65,42,64.116,3.84921518729341
1.65,43,64.116,3.84921518729341
1.65,44,64.116,3.84921518729341
1.65,45,64.116,3.84921518729341
1.65,46,64.116,3.84921518729341
1.65,47,64.116,3.84921518729341
1.65,48,64.116,3.84921518729341
1.65,49,64.116,3.84921518729341
1.7,0,1.0,0.0
1.7,1,1.688,0.10628709473453668
1.7,2,2.902,0.22825388393250323
1.7,3,4.852,0.42774355123114916
1.7,4,8.29,0.7724134311800706
1.7,5,13.941,1.3268184478506821
1.7,6,23.17,2.1611639204100044
1.7,7,34.939,2.9222318331343757
1.7,8,46.02,3.3920665682432443
1.7,9,54.589,3.63533578087749
1.7,10,59.779,3.7337959937871688
1.7,11,62.64,3.7703669205320907
1.7,12,64.151,3.7752697341085053
1.7,13,65.158,3.7765057637060764
1.7,14,65.776,3.7814821969088186
1.7,15,66.113,3.7828789382334307
1.7,16,66.258,3.7833166976725323
1.7,17,66.332,3.7845636886858287
1.7,18,66.368,3.7854881855124134
1.7,19,66.368,3.7854881855124134
1.7,20,66.368,3.7854881855124134
1.7,21,66.368,3.7854881855124134
1.7,22,66.368,3.7854881855124134
1.7,23,66.368,3.7854881855124134
1.7,24,66.368,3.7854881855124134
1.7,25,66.368,3.7854881855124134
1.7,26,66.368,3.7854881855124134
1.7,27,66.368,3.7854881855124134
1.7,28,66.368,3.7854881855124134
1.7,29,66.368,3.7854881855124134
1.7,30,66.368,3.7854881855124134
1.7,31,66.368,3.7854881855124134
1.7,32,66.368,3.7854881855124134
1.7,33,66.368,3.7854881855124134
1.7,34,66.368,3.7854881855124134
1.7,35,66.368,3.7854881855124134
1.7,36,66.368,3.7854881855124134
1.7,37,66.368,3.7854881855124134
1.7,38,66.368,3.7854881855124134
1.7,39,66.368,3.7854881855124134
1.7,40,66.368,3.7854881855124134
1.7,41,66.368,3.7854881855124134
1.7,42,66.368,3.7854881855124134
1.7,43,66.368,3.7854881855124134
1.7,44,66.368,3.7854881855124134
1.7,45,66.368,3.7854881855124134
1.7,46,66.368,3.7854881855124134
1.7,47,66.368,3.7854881855124134
1.7,48,66.368,3.7854881855124134
1.7,49,66.368,3.7854881855124134
1.75,0,1.0,0.0
1.75,1,1.77,0.10586313734622133
1.75,2,3.094,0.2258396295938616
1.75,3,5.441,0.4455106513140672
1.75,4,9.507,0.8177677990115519
1.75,5,16.741,1.468127617950131
1.75,6,28.339,2.341880879669368
1.75,7,42.611,3.102363373043005
1.75,8,54.71,3.4726859329842767
1.75,9,62.494,3.565405535710788
1.75,10,67.289,3.6017310780757015
1.75,11,69.589,3.59709197411253
1.75,12,70.794,3.6023095421976166
1.75,13,71.246,3.5988525080877167
1.75,14,71.484,3.595165473720428
1.75,15,71.642,3.5957523813633543
1.75,16,71.701,3.5947629972577317
1.75,17,71.76,3.5933034821154166
1.75,18,71.793,3.593277401675067
1.75,19,71.819,3.593958767564132
1.75,20,71.819,3.593958767564132
1.75,21,71.819,3.593958767564132
1.75,22,71.819,3.593958767564132
1.75,23,71.819,3.593958767564132
1.75,24,71.819,3.593958767564132
1.75,25,71.819,3.593958767564132
1.75,26,71.819,3.593958767564132
1.75,27,71.819,3.593958767564132
1.75,28,71.819,3.593958767564132
1.75,29,71.819,3.593958767564132
1.75,30,71.819,3.593958767564132
1.75,31,71.819,3.593958767564132
1.75,32,71.819,3.593958767564132
1.75,33,71.819,3.593958767564132
1.75,34,71.819,3.593958767564132
1.75,35,71.819,3.593958767564132
1.75,36,71.819,3.593958767564132
1.75,37,71.819,3.593958767564132
1.75,38,71.819,3.593958767564132
1.75,39,71.819,3.593958767564132
1.75,40,71.819,3.593958767564132
1.75,41,71.819,3.593958767564132
1.75,42,71.819,3.593958767564132
1.75,43,71.819,3.593958767564132
1.75,44,71.819,3.593958767564132
1.75,45,71.819,3.593958767564132
1.75,46,71.819,3.593958767564132
1.75,47,71.819,3.593958767564132
1.75,48,71.819,3.593958767564132
1.75,49,71.819,3.593958767564132
1.8,0,1.0,0.0
1.8,1,1.84,0.11080258422315636
1.8,2,3.365,0.25945359520003963
1.8,3,6.066,0.4955753934167948
1.8,4,11.045,0.9572073339907128
1.8,5,19.905,1.7192458987890369
1.8,6,33.53,2.653338122663122
1.8,7,48.087,3.264562028680139
1.8,8,59.363,3.4959813787311376
1.8,9,66.159,3.5434309648916553
1.8,10,69.933,3.5463571371995073
1.8,11,71.81,3.5355806185037153
1.8,12,72.711,3.5356534104154633
1.8,13,73.005,3.5352794805711625
1.8,14,73.128,3.534219549710656
1.8,15,73.207,3.532353493180409
1.8,16,73.26,3.5309653744686926
1.8,17,73.277,3.53026993249955
1.8,18,73.316,3.5307246060311
1.8,19,73.316,3.5307246060311
1.8,20,73.316,3.5307246060311
1.8,21,73.316,3.5307246060311
1.8,22,73.316,3.5307246060311
1.8,23,73.316,3.5307246060311
1.8,24,73.316,3.5307246060311
1.8,25,73.316,3.5307246060311
1.8,26,73.316,3.5307246060311
1.8,27,73.316,3.5307246060311
1.8,28,73.316,3.5307246060311
1.8,29,73.316,3.5307246060311
1.8,30,73.316,3.5307246060311
1.8,31,73.316,3.5307246060311
1.8,32,73.316,3.5307246060311
1.8,33,73.316,3.5307246060311
1.8,34,73.316,3.5307246060311
1.8,35,73.316,3.5307246060311
1.8,36,73.316,3.5307246060311
1.8,37,73.316,3.5307246060311
1.8,38,73.316,3.5307246060311
1.8,39,73.316,3.5307246060311
1.8,40,73.316,3.5307246060311
1.8,41,73.316,3.5307246060311
1.8,42,73.316,3.5307246060311
1.8,43,73.316,3.5307246060311
1.8,44,73.316,3.5307246060311
1.8,45,73.316,3.5307246060311
1.8,46,73.316,3.5307246060311
1.8,47,73.316,3.5307246060311
1.8,48,73.316,3.5307246060311
1.8,49,73.316,3.5307246060311
1.85,0,1.0,0.0
1.85,1,1.785,0.1079630514401062
1.85,2,3.396,0.2570050903856589
1.85,3,6.304,0.5152790817243416
1.85,4,11.738,0.9838432407941688
1.85,5,21.563,1.813983838290369
1.85,6,36.573,2.7694809155427222
1.85,7,51.751,3.348260062671663
1.85,8,62.036,3.5308134529391424
1.85,9,67.536,3.525154582668833
1.85,10,70.748,3.511092974208765
1.85,11,72.552,3.492529419727461
1.85,12,73.571,3.4810491018245813
1.85,13,74.13,3.4764985341941497
1.85,14,74.337,3.478225613334004
1.85,15,74.369,3.478919328486853
1.85,16,74.369,3.478919328486853
1.85,17,74.369,3.478919328486853
1.85,18,74.369,3.478919328486853
1.85,19,74.369,3.478919328486853
1.85,20,74.369,3.478919328486853
1.85,21,74.369,3.478919328486853
1.85,22,74.369,3.478919328486853
1.85,23,74.369,3.478919328486853
1.85,24,74.369,3.478919328486853
1.85,25,74.369,3.478919328486853
1.85,26,74.369,3.478919328486853
1.85,27,74.369,3.478919328486853
1.85,28,74.369,3.478919328486853
1.85,29,74.369,3.478919328486853
1.85,30,74.369,3.478919328486853
1.85,31,74.369,3.478919328486853
1.85,32,74.369,3.478919328486853
1.85,33,74.369,3.478919328486853
1.85,34,74.369,3.478919328486853
1.85,35,74.369,3.478919328486853
1.85,36,74.369,3.478919328486853
1.85,37,74.369,3.478919328486853
1.85,38,74.369,3.478919328486853
1.85,39,74.369,3.478919328486853
1.85,40,74.369,3.478919328486853
1.85,41,74.369,3.478919328486853
1.85,42,74.369,3.478919328486853
1.85,43,74.369,3.478919328486853
1.85,44,74.369,3.478919328486853
1.85,45,74.369,3.478919328486853
1.85,46,74.369,3.478919328486853
1.85,47,74.369,3.478919328486853
1.85,48,74.369,3.478919328486853
1.85,49,74.369,3.478919328486853
1.9,0,1.0,0.0
1.9,1,1.9,0.11368719619547885
1.9,2,3.527,0.26262434811836144
1.9,3,6.794,0.5522590281207043
1.9,4,13.102,1.100435749028792
1.9,5,24.813,2.030763355688137
1.9,6,41.561,2.9536466181520282
1.9,7,56.75,3.3839569628253585
1.9,8,66.368,3.479750505277316
1.9,9,71.252,3.487802708560835
1.9,10,73.295,3.4810119497790595
1.9,11,73.984,3.4796028918063655
1.9,12,74.246,3.4739806776694735
1.9,13,74.447,3.4686190385893383
1.9,14,74.585,3.4702671131323086
1.9,15,74.588,3.4703985374459876
1.9,16,74.588,3.4703985374459876
1.9,17,74.588,3.4703985374459876
1.9,18,74.588,3.4703985374459876
1.9,19,74.588,3.4703985374459876
1.9,20,74.588,3.4703985374459876
1.9,21,74.588,3.4703985374459876
1.9,22,74.588,3.4703985374459876
1.9,23,74.588,3.4703985374459876
1.9,24,74.588,3.4703985374459876
1.9,25,74.588,3.4703985374459876
1.9,26,74.588,3.4703985374459876
1.9,27,74.588,3.4703985374459876
1.9,28,74.588,3.4703985374459876
1.9,29,74.588,3.4703985374459876
1.9,30,74.588,3.4703985374459876
1.9,31,74.588,3.4703985374459876
1.9,32,74.588,3.4703985374459876
1.9,33,74.588,3.4703985374459876
1.9,34,74.588,3.4703985374459876
1.9,35,74.588,3.4703985374459876
1.9,36,74.588,3.4703985374459876
1.9,37,74.588,3.4703985374459876
1.9,38,74.588,3.4703985374459876
1.9,39,74.588,3.4703985374459876
1.9,40,74.588,3.4703985374459876
1.9,41,74.588,3.4703985374459876
1.9,42,74.588,3.4703985374459876
1.9,43,74.588,3.4703985374459876
1.9,44,74.588,3.4703985374459876
1.9,45,74.588,3.4703985374459876
1.9,46,74.588,3.4703985374459876
1.9,47,74.588,3.4703985374459876
1.9,48,74.588,3.4703985374459876
1.9,49,74.588,3.4703985374459876
1.95,0,1.0,0.0
1.95,1,1.926,0.10954163473522427
1.95,2,3.729,0.26351072432993483
1.95,3,7.178,0.5490101815253681
1.95,4,14.035,1.1251857344317564
1.95,5,26.808,2.1328070956643685
1.95,6,44.52,3.0331082944925214
1.95,7,59.628,3.3677464633745444
1.95,8,69.155,3.426415518672428
1.95,9,73.384,3.3833422732589185
1.95,10,75.633,3.358140888903293
1.95,11,76.508,3.3433489776597725
1.95,12,76.898,3.3376303563943566
1.95,13,77.075,3.3365664372600037
1.95,14,77.138,3.3371168009144014
1.95,15,77.138,3.3371168009144014
1.95,16,77.138,3.3371168009144014
1.95,17,77.138,3.3371168009144014
1.95,18,77.138,3.3371168009144014
1.95,19,77.138,3.3371168009144014
1.95,20,77.138,3.3371168009144014
1.95,21,77.138,3.3371168009144014
1.95,22,77.138,3.3371168009144014
1.95,23,77.138,3.3371168009144014
1.95,24,77.138,3.3371168009144014
1.95,25,77.138,3.3371168009144014
1.95,26,77.138,3.3371168009144014
1.95,27,77.138,3.3371168009144014
1.95,28,77.138,3.3371168009144014
1.95,29,77.138,3.3371168009144014
1.95,30,77.138,3.3371168009144014
1.95,31,77.138,3.3371168009144014
1.95,32,77.138,3.3371168009144014
1.95,33,77.138,3.3371168009144014
1.95,34,77.138,3.3371168009144014
1.95,35,77.138,3.3371168009144014
1.95,36,77.138,3.3371168009144014
1.95,37,77.138,3.3371168009144014
1.95,38,77.138,3.3371168009144014
1.95,39,77.138,3.3371168009144014
1.95,40,77.138,3.3371168009144014
1.95,41,77.138,3.3371168009144014
1.95,42,77.138,3.3371168009144014
1.95,43,77.138,3.3371168009144014
1.95,44,77.138,3.3371168009144014
1.95,45,77.138,3.3371168009144014
1.95,46,77.138,3.3371168009144014
1.95,47,77.138,3.3371168009144014
1.95,48,77.138,3.3371168009144014
1.95,49,77.138,3.3371168009144014
2.0,0,1.0,0.0
2.0,1,2.041,0.11419145481612203
2.0,2,4.103,0.2806636540271912
2.0,3,8.386,0.6071694873609248
2.0,4,16.54,1.2407435807292266
2.0,5,32.323,2.321276245913822
2.0,6,52.427,3.1235864660881276
2.0,7,66.966,3.285299217366962
2.0,8,74.79,3.2319256790781026
2.0,9,78.204,3.1819931406970596
2.0,10,79.625,3.1515714953710585
2.0,11,80.242,3.137970613834213
2.0,12,80.475,3.1347380950480783
2.0,13,80.538,3.1334987891400488
2.0,14,80.553,3.1326439118176097
2.0,15,80.572,3.130628661599218
2.0,16,80.613,3.1288822701901324
2.0,17,80.631,3.129240204088177
2.0,18,80.631,3.129240204088177
2.0,19,80.631,3.129240204088177
2.0,20,80.631,3.129240204088177
2.0,21,80.631,3.129240204088177
2.0,22,80.631,3.129240204088177
2.0,23,80.631,3.129240204088177
2.0,24,80.631,3.129240204088177
2.0,25,80.631,3.129240204088177
2.0,26,80.631,3.129240204088177
2.0,27,80.631,3.129240204088177
2.0,28,80.631,3.129240204088177
2.0,29,80.631,3.129240204088177
2.0,30,80.631,3.129240204088177
2.0,31,80.631,3.129240204088177
2.0,32,80.631,3.129240204088177
2.0,33,80.631,3.129240204088177
2.0,34,80.631,3.129240204088177
2.0,35,80.631,3.129240204088177
2.0,36,80.631,3.129240204088177
2.0,37,80.631,3.129240204088177
2.0,38,80.631,3.129240204088177
2.0,39,80.631,3.129240204088177
2.0,40,80.631,3.129240204088177
2.0,41,80.631,3.129240204088177
2.0,42,80.631,3.129240204088177
2.0,43,80.631,3.129240204088177
2.0,44,80.631,3.129240204088177
2.0,45,80.631,3.129240204088177
2.0,46,80.631,3.129240204088177
2.0,47,80.631,3.129240204088177
2.0,48,80.631,3.129240204088177
2.0,49,80.631,3.129240204088177
2.05,0,1.0,0.0
2.05,1,2.013,0.1152185176137841
2.05,2,4.058,0.29072243239565543
2.05,3,8.316,0.6351294348193903
2.05,4,16.868,1.3408931544352
2.05,5,33.258,2.4801711041992007
2.05,6,52.976,3.254412697208288
2.05,7,65.894,3.4235540629697354
2.05,8,72.25,3.398811890357763
2.05,9,74.968,3.3708473592749897
2.05,10,76.149,3.348061699100313
2.05,11,76.778,3.327832613709546
2.05,12,77.249,3.323477670149842
2.05,13,77.369,3.3228306230386835
2.05,14,77.391,3.32114421048162
2.05,15,77.43,3.3205278209269267
2.05,16,77.44,3.3208587971778627
2.05,17,77.44,3.3208587971778627
2.05,18,77.44,3.3208587971778627
2.05,19,77.44,3.3208587971778627
2.05,20,77.44,3.3208587971778627
2.05,21,77.44,3.3208587971778627
2.05,22,77.44,3.3208587971778627
2.05,23,77.44,3.3208587971778627
2.05,24,77.44,3.3208587971778627
2.05,25,77.44,3.3208587971778627
2.05,26,77.44,3.3208587971778627
2.05,27,77.44,3.3208587971778627
2.05,28,77.44,3.3208587971778627
2.05,29,77.44,3.3208587971778627
2.05,30,77.44,3.3208587971778627
2.05,31,77.44,3.3208587971778627
2.05,32,77.44,3.3208587971778627
2.05,33,77.44,3.3208587971778627
2.05,34,77.44,3.3208587971778627
2.05,35,77.44,3.3208587971778627
2.05,36,77.44,3.3208587971778627
2.05,37,77.44,3.3208587971778627
2.05,38,77.44,3.3208587971778627
2.05,39,77.44,3.3208587971778627
2.05,40,77.44,3.3208587971778627
2.05,41,77.44,3.3208587971778627
2.05,42,77.44,3.3208587971778627
2.05,43,77.44,3.3208587971778627
2.05,44,77.44,3.3208587971778627
2.05,45,77.44,3.3208587971778627
2.05,46,77.44,3.3208587971778627
2.05,47,77.44,3.3208587971778627
2.05,48,77.44,3.3208587971778627
2.05,49,77.44,3.3208587971778627
2.1,0,1.0,0.0
2.1,1,2.009,0.11499048438549431
2.1,2,4.317,0.29951158988922266
2.1,3,8.936,0.6841816922756525
2.1,4,18.62,1.4520221895507888
2.1,5,36.716,2.605847417721037
2.1,6,56.893,3.208095403993454
2.1,7,70.508,3.2720332254893805
2.1,8,76.753,3.2108701473207475
2.1,9,79.083,3.1819532381927758
2.1,10,79.747,3.170994425069736
2.1,11,79.979,3.162890326496097
2.1,12,80.093,3.160718209745994
2.1,13,80.142,3.1568990640194556
2.1,14,80.196,3.1552338030955696
2.1,15,80.236,3.1551315201518264
2.1,16,80.236,3.1551315201518264
2.1,17,80.236,3.1551315201518264
2.1,18,80.236,3.1551315201518264
2.1,19,80.236,3.1551315201518264
2.1,20,80.236,3.1551315201518264
2.1,21,80.236,3.1551315201518264
2.1,22,80.236,3.1551315201518264
2.1,23,80.236,3.1551315201518264
2.1,24,80.236,3.1551315201518264
2.1,25,80.236,3.1551315201518264
2.1,26,80.236,3.1551315201518264
2.1,27,80.236,3.1551315201518264
2.1,28,80.236,3.1551315201518264
2.1,29,80.236,3.1551315201518264
2.1,30,80.236,3.1551315201518264
2.1,31,80.236,3.1551315201518264
2.1,32,80.236,3.1551315201518264
2.1,33,80.236,3.1551315201518264
2.1,34,80.236,3.1551315201518264
2.1,35,80.236,3.1551315201518264
2.1,36,80.236,3.1551315201518264
2.1,37,80.236,3.1551315201518264
2.1,38,80.236,3.1551315201518264
2.1,39,80.236,3.1551315201518264
2.1,40,80.236,3.1551315201518264
2.1,41,80.236,3.1551315201518264
2.1,42,80.236,3.1551315201518264
2.1,43,80.236,3.1551315201518264
2.1,44,80.236,3.1551315201518264
2.1,45,80.236,3.1551315201518264
2.1,46,80.236,3.1551315201518264
2.1,47,80.236,3.1551315201518264
2.1,48,80.236,3.1551315201518264
2.1,49,80.236,3.1551315201518264
2.15,0,1.0,0.0
2.15,1,2.121,0.11322986426315618
2.15,2,4.546,0.29201185158879905
2.15,3,9.819,0.6867966619750625
2.15,4,20.88,1.4963719394458046
2.15,5,41.412,2.6341683531709847
2.15,6,63.807,3.1559824946606696
2.15,7,75.798,3.095087161364475
2.15,8,80.727,2.9945657724840373
2.15,9,82.61,2.9475725807613884
2.15,10,83.201,2.9204868042288865
2.15,11,83.569,2.9100228368289294
2.15,12,83.654,2.907991825743295
2.15,13,83.678,2.908174385136263
2.15,14,83.678,2.908174385136263
2.15,15,83.678,2.908174385136263
2.15,16,83.678,2.908174385136263
2.15,17,83.678,2.908174385136263
2.15,18,83.678,2.908174385136263
2.15,19,83.678,2.908174385136263
2.15,20,83.678,2.908174385136263
2.15,21,83.678,2.908174385136263
2.15,22,83.678,2.908174385136263
2.15,23,83.678,2.908174385136263
2.15,24,83.678,2.908174385136263
2.15,25,83.678,2.908174385136263
2.15,26,83.678,2.908174385136263
2.15,27,83.678,2.908174385136263
2.15,28,83.678,2.908174385136263
2.15,29,83.678,2.908174385136263
2.15,30,83.678,2.908174385136263
2.15,31,83.678,2.908174385136263
2.15,32,83.678,2.908174385136263
2.15,33,83.678,2.908174385136263
2.15,34,83.678,2.908174385136263
2.15,35,83.678,2.908174385136263
2.15,36,83.678,2.908174385136263
2.15,37,83.678,2.908174385136263
2.15,38,83.678,2.908174385136263
2.15,39,83.678,2.908174385136263
2.15,40,83.678,2.908174385136263
2.15,41,83.678,2.908174385136263
2.15,42,83.678,2.908174385136263
2.15,43,83.678,2.908174385136263
2.15,44,83.678,2.908174385136263
2.15,45,83.678,2.908174385136263
2.15,46,83.678,2.908174385136263
2.15,47,83.678,2.908174385136263
2.15,48,83.678,2.908174385136263
2.15,49,83.678,2.908174385136263
2.2,0,1.0,0.0
2.2,1,2.206,0.12107943125625775
2.2,2,4.91,0.32211154831379396
2.2,3,10.79,0.7598648421381338
2.2,4,23.513,1.6920117265758883
2.2,5,46.179,2.8411887146928976
2.2,6,66.633,3.1919507019972926
2.2,7,76.719,3.122141053587569
2.2,8,80.627,3.0261268353207242
2.2,9,82.124,2.994162667342792
2.2,10,82.553,2.9806754916259735
2.2,11,82.769,2.9726539275669523
2.2,12,82.848,2.9698283039513313
2.2,13,82.896,2.9689840154454004
2.2,14,82.896,2.9689840154454004
2.2,15,82.896,2.9689840154454004
2.2,16,82.896,2.9689840154454004
2.2,17,82.896,2.9689840154454004
2.2,18,82.896,2.9689840154454004
2.2,19,82.896,2.9689840154454004
2.2,20,82.896,2.9689840154454004
2.2,21,82.896,2.9689840154454004
2.2,22,82.896,2.9689840154454004
2.2,23,82.896,2.9689840154454004
2.2,24,82.896,2.9689840154454004
2.2,25,82.896,2.9689840154454004
2.2,26,82.896,2.9689840154454004
2.2,27,82.896,2.9689840154454004
2.2,28,82.896,2.9689840154454004
2.2,29,82.896,2.9689840154454004
2.2,30,82.896,2.9689840154454004
2.2,31,82.896,2.9689840154454004
2.2,32,82.896,2.9689840154454004
2.2,33,82.896,2.9689840154454004
2.2,34,82.896,2.9689840154454004
2.2,35,82.896,2.9689840154454004
2.2,36,82.896,2.9689840154454004
2.2,37,82.896,2.9689840154454004
2.2,38,82.896,2.9689840154454004
2.2,39,82.896,2.9689840154454004
2.2,40,82.896,2.9689840154454004
2.2,41,82.896,2.9689840154454004
2.2,42,82.896,2.9689840154454004
2.2,43,82.896,2.9689840154454004
2.2,44,82.896,2.9689840154454004
2.2,45,82.896,2.9689840154454004
2.2,46,82.896,2.9689840154454004
2.2,47,82.896,2.9689840154454004
2.2,48,82.896,2.9689840154454004
2.2,49,82.896,2.9689840154454004
2.25,0,1.0,0.0
2.25,1,2.19,0.11724692860649188
2.25,2,4.948,0.3242404980451621
2.25,3,11.208,0.7825042817810921
2.25,4,25.143,1.7844094469164062
2.25,5,48.699,2.821449650235742
2.25,6,70.097,3.075729584801394
2.25,7,79.929,2.9764863515506477
2.25,8,82.857,2.9057278942204476
2.25,9,83.741,2.8784865602456904
2.25,10,84.046,2.8719629071266723
2.25,11,84.091,2.869107006657728
2.25,12,84.13,2.865147976523957
2.25,13,84.184,2.8626424747018007
2.25,14,84.23,2.8600604418964366
2.25,15,84.246,2.8603114195428105
2.25,16,84.246,2.8603114195428105
2.25,17,84.246,2.8603114195428105
2.25,18,84.246,2.8603114195428105
2.25,19,84.246,2.8603114195428105
2.25,20,84.246,2.8603114195428105
2.25,21,84.246,2.8603114195428105
2.25,22,84.246,2.8603114195428105
2.25,23,84.246,2.8603114195428105
2.25,24,84.246,2.8603114195428105
2.25,25,84.246,2.8603114195428105
2.25,26,84.246,2.8603114195428105
2.25,27,84.246,2.8603114195428105
2.25,28,84.246,2.8603114195428105
2.25,29,84.246,2.8603114195428105
2.25,30,84.246,2.8603114195428105
2.25,31,84.246,2.8603114195428105
2.25,32,84.246,2.8603114195428105
2.25,33,84.246,2.8603114195428105
2.25,34,84.246,2.8603114195428105
2.25,35,84.246,2.8603114195428105
2.25,36,84.246,2.8603114195428105
2.25,37,84.246,2.8603114195428105
2.25,38,84.246,2.8603114195428105
2.25,39,84.246,2.8603114195428105
2.25,40,84.246,2.8603114195428105
2.25,41,84.246,2.8603114195428105
2.25,42,84.246,2.8603114195428105
2.25,43,84.246,2.8603114195428105
2.25,44,84.246,2.8603114195428105
2.25,45,84.246,2.8603114195428105
2.25,46,84.246,2.8603114195428105
2.25,47,84.246,2.8603114195428105
2.25,48,84.246,2.8603114195428105
2.25,49,84.246,2.8603114195428105
2.3,0,1.0,0.0
2.3,1,2.307,0.12067288821432909
2.3,2,5.341,0.33247879310366457
2.3,3,12.307,0.8100266523241917
2.3,4,28.249,1.8807875854855496
2.3,5,54.338,2.9430783078255303
2.3,6,73.738,2.989040266198657
2.3,7,82.385,2.8013807849248877
2.3,8,85.371,2.7115242073233503
2.3,9,86.11,2.689607274533614
2.3,10,86.258,2.6837291414767037
2.3,11,86.326,2.6822061484996027
2.3,12,86.326,2.6822061484996027
2.3,13,86.326,2.6822061484996027
2.3,14,86.326,2.6822061484996027
2.3,15,86.326,2.6822061484996027
2.3,16,86.326,2.6822061484996027
2.3,17,86.326,2.6822061484996027
2.3,18,86.326,2.6822061484996027
2.3,19,86.326,2.6822061484996027
2.3,20,86.326,2.6822061484996027
2.3,21,86.326,2.6822061484996027
2.3,22,86.326,2.6822061484996027
2.3,23,86.326,2.6822061484996027
2.3,24,86.326,2.6822061484996027
2.3,25,86.326,2.6822061484996027
2.3,26,86.326,2.6822061484996027
2.3,27,86.326,2.6822061484996027
2.3,28,86.326,2.6822061484996027
2.3,29,86.326,2.6822061484996027
2.3,30,86.326,2.6822061484996027
2.3,31,86.326,2.6822061484996027
2.3,32,86.326,2.6822061484996027
2.3,33,86.326,2.6822061484996027
2.3,34,86.326,2.6822061484996027
2.3,35,86.326,2.6822061484996027
2.3,36,86.326,2.6822061484996027
2.3,37,86.326,2.6822061484996027
2.3,38,86.326,2.6822061484996027
2.3,39,86.326,2.6822061484996027
2.3,40,86.326,2.6822061484996027
2.3,41,86.326,2.6822061484996027
2.3,42,86.326,2.6822061484996027
2.3,43,86.326,2.6822061484996027
2.3,44,86.326,2.6822061484996027
2.3,45,86.326,2.6822061484996027
2.3,46,86.326,2.6822061484996027
2.3,47,86.326,2.6822061484996027
2.3,48,86.326,2.6822061484996027
2.3,49,86.326,2.6822061484996027
2.35,0,1.0,0.0
2.35,1,2.302,0.12355380835912433
2.35,2,5.297,0.34081629670643476
2.35,3,12.496,0.8527900739804544
2.35,4,29.325,2.0072725207368762
2.35,5,55.441,3.0339797957935914
2.35,6,73.326,3.0743552987568137
2.35,7,81.227,2.8997357296105264
2.35,8,84.204,2.8046161083486965
2.35,9,85.099,2.7810359500240622
2.35,10,85.241,2.776580210157846
2.35,11,85.277,2.7736315020220417
2.35,12,85.299,2.77124710849273
2.35,13,85.346,2.7700290172656423
2.35,14,85.346,2.7700290172656423
2.35,15,85.346,2.7700290172656423
2.35,16,85.346,2.7700290172656423
2.35,17,85.346,2.7700290172656423
2.35,18,85.346,2.7700290172656423
2.35,19,85.346,2.7700290172656423
2.35,20,85.346,2.7700290172656423
2.35,21,85.346,2.7700290172656423
2.35,22,85.346,2.7700290172656423
2.35,23,85.346,2.7700290172656423
2.35,24,85.346,2.7700290172656423
2.35,25,85.346,2.7700290172656423
2.35,26,85.346,2.7700290172656423
2.35,27,85.346,2.7700290172656423
2.35,28,85.346,2.7700290172656423
2.35,29,85.346,2.7700290172656423
2.35,30,85.346,2.7700290172656423
2.35,31,85.346,2.7700290172656423
2.35,32,85.346,2.7700290172656423
2.35,33,85.346,2.7700290172656423
2.35,34,85.346,2.7700290172656423
2.35,35,85.346,2.7700290172656423
2.35,36,85.346,2.7700290172656423
2.35,37,85.346,2.7700290172656423
2.35,38,85.346,2.7700290172656423
2.35,39,85.346,2.7700290172656423
2.35,40,85.346,2.7700290172656423
2.35,41,85.346,2.7700290172656423
2.35,42,85.346,2.7700290172656423
2.35,43,85.346,2.7700290172656423
2.35,44,85.346,2.7700290172656423
2.35,45,85.346,2.7700290172656423
2.35,46,85.346,2.7700290172656423
2.35,47,85.346,2.7700290172656423
2.35,48,85.346,2.7700290172656423
2.35,49,85.346,2.7700290172656423
2.4,0,1.0,0.0
2.4,1,2.391,0.12234833993397443
2.4,2,5.743,0.34944949110259405
2.4,3,13.903,0.8963500740956913
2.4,4,32.891,2.1084875840193043
2.4,5,61.092,3.0631836762033373
2.4,6,76.787,2.97085663344302
2.4,7,83.188,2.818078107562897
2.4,8,85.023,2.7521581613664097
2.4,9,85.722,2.7183075997007506
2.4,10,85.996,2.7116130598347183
2.4,11,86.051,2.709657833561252
2.4,12,86.051,2.709657833561252
2.4,13,86.051,2.709657833561252
2.4,14,86.051,2.709657833561252
2.4,15,86.051,2.709657833561252
2.4,16,86.051,2.709657833561252
2.4,17,86.051,2.709657833561252
2.4,18,86.051,2.709657833561252
2.4,19,86.051,2.709657833561252
2.4,20,86.051,2.709657833561252
2.4,21,86.051,2.709657833561252
2.4,22,86.051,2.709657833561252
2.4,23,86.051,2.709657833561252
2.4,24,86.051,2.709657833561252
2.4,25,86.051,2.709657833561252
2.4,26,86.051,2.709657833561252
2.4,27,86.051,2.709657833561252
2.4,28,86.051,2.709657833561252
2.4,29,86.051,2.709657833561252
2.4,30,86.051,2.709657833561252
2.4,31,86.051,2.709657833561252
2.4,32,86.051,2.709657833561252
2.4,33,86.051,2.709657833561252
2.4,34,86.051,2.709657833561252
2.4,35,86.051,2.709657833561252
2.4,36,86.051,2.709657833561252
2.4,37,86.051,2.709657833561252
2.4,38,86.051,2.709657833561252
2.4,39,86.051,2.709657833561252
2.4,40,86.051,2.709657833561252
2.4,41,86.051,2.709657833561252
2.4,42,86.051,2.709657833561252
2.4,43,86.051,2.709657833561252
2.4,44,86.051,2.709657833561252
2.4,45,86.051,2.709657833561252
2.4,46,86.051,2.709657833561252
2.4,47,86.051,2.709657833561252
2.4,48,86.051,2.709657833561252
2.4,49,86.051,2.709657833561252
2.45,0,1.0,0.0
2.45,1,2.464,0.13201480765993212
2.45,2,6.022,0.3792992045952497
2.45,3,14.828,0.9992372490111983
2.45,4,35.614,2.2822356451812524
2.45,5,63.388,3.037932093429859
2.45,6,78.779,2.894757906279466
2.45,7,84.535,2.721288717748024
2.45,8,86.321,2.666367758289894
2.45,9,86.556,2.65286767597253
2.45,10,86.718,2.646103289828517
2.45,11,86.74,2.6461734014230416
2.45,12,86.74,2.6461734014230416
2.45,13,86.74,2.6461734014230416
2.45,14,86.74,2.6461734014230416
2.45,15,86.74,2.6461734014230416
2.45,16,86.74,2.6461734014230416
2.45,17,86.74,2.6461734014230416
2.45,18,86.74,2.6461734014230416
2.45,19,86.74,2.6461734014230416
2.45,20,86.74,2.6461734014230416
2.45,21,86.74,2.6461734014230416
2.45,22,86.74,2.6461734014230416
2.45,23,86.74,2.6461734014230416
2.45,24,86.74,2.6461734014230416
2.45,25,86.74,2.6461734014230416
2.45,26,86.74,2.6461734014230416
2.45,27,86.74,2.6461734014230416
2.45,28,86.74,2.6461734014230416
2.45,29,86.74,2.6461734014230416
2.45,30,86.74,2.6461734014230416
2.45,31,86.74,2.6461734014230416
2.45,32,86.74,2.6461734014230416
2.45,33,86.74,2.6461734014230416
2.45,34,86.74,2.6461734014230416
2.45,35,86.74,2.6461734014230416
2.45,36,86.74,2.6461734014230416
2.45,37,86.74,2.6461734014230416
2.45,38,86.74,2.6461734014230416
2.45,39,86.74,2.6461734014230416
2.45,40,86.74,2.6461734014230416
2.45,41,86.74,2.6461734014230416
2.45,42,86.74,2.6461734014230416
2.45,43,86.74,2.6461734014230416
2.45,44,86.74,2.6461734014230416
2.45,45,86.74,2.6461734014230416
2.45,46,86.74,2.6461734014230416
2.45,47,86.74,2.6461734014230416
2.45,48,86.74,2.6461734014230416
2.45,49,86.74,2.6461734014230416
2.5,0,1.0,0.0
2.5,1,2.405,0.12741831151872907
2.5,2,6.051,0.38553547304991387
2.5,3,15.11,1.003390161673165
2.5,4,36.546,2.329546590792482
2.5,5,65.267,3.0053136804955045
2.5,6,80.454,2.838598817923483
2.5,7,85.065,2.7125681288804913
2.5,8,86.304,2.6557631867079863
2.5,9,86.696,2.6406931472178172
2.5,10,86.776,2.6367835257580623
2.5,11,86.813,2.6361974268473602
2.5,12,86.813,2.6361974268473602
2.5,13,86.813,2.6361974268473602
2.5,14,86.813,2.6361974268473602
2.5,15,86.813,2.6361974268473602
2.5,16,86.813,2.6361974268473602
2.5,17,86.813,2.6361974268473602
2.5,18,86.813,2.6361974268473602
2.5,19,86.813,2.6361974268473602
2.5,20,86.813,2.6361974268473602
2.5,21,86.813,2.6361974268473602
2.5,22,86.813,2.6361974268473602
2.5,23,86.813,2.6361974268473602
2.5,24,86.813,2.6361974268473602
2.5,25,86.813,2.6361974268473602
2.5,26,86.813,2.6361974268473602
2.5,27,86.813,2.6361974268473602
2.5,28,86.813,2.6361974268473602
2.5,29,86.813,2.6361974268473602
2.5,30,86.813,2.6361974268473602
2.5,31,86.813,2.6361974268473602
2.5,32,86.813,2.6361974268473602
2.5,33,86.813,2.6361974268473602
2.5,34,86.813,2.6361974268473602
2.5,35,86.813,2.6361974268473602
2.5,36,86.813,2.6361974268473602
2.5,37,86.813,2.6361974268473602
2.5,38,86.813,2.6361974268473602
2.5,39,86.813,2.6361974268473602
2.5,40,86.813,2.6361974268473602
2.5,41,86.813,2.6361974268473602
2.5,42,86.813,2.6361974268473602
2.5,43,86.813,2.6361974268473602
2.5,44,86.813,2.6361974268473602
2.5,45,86.813,2.6361974268473602
2.5,46,86.813,2.6361974268473602
2.5,47,86.813,2.6361974268473602
2.5,48,86.813,2.6361974268473602
2.5,49,86.813,2.6361974268473602
2.55,0,1.0,0.0
2.55,1,2.517,0.1330911583825496
2.55,2,6.398,0.3830423252549986
2.55,3,16.301,1.009167709650331
2.55,4,40.741,2.4073848933658653
2.55,5,69.608,2.9089933383939126
2.55,6,83.574,2.6528622487359996
2.55,7,87.484,2.5063940815174703
2.55,8,88.37,2.4628714804848215
2.55,9,88.627,2.4523002537845002
2.55,10,88.701,2.448541659244384
2.55,11,88.701,2.448541659244384
2.55,12,88.701,2.448541659244384
2.55,13,88.701,2.448541659244384
2.55,14,88.701,2.448541659244384
2.55,15,88.701,2.448541659244384
2.55,16,88.701,2.448541659244384
2.55,17,88.701,2.448541659244384
2.55,18,88.701,2.448541659244384
2.55,19,88.701,2.448541659244384
2.55,20,88.701,2.448541659244384
2.55,21,88.701,2.448541659244384
2.55,22,88.701,2.448541659244384
2.55,23,88.701,2.448541659244384
2.55,24,88.701,2.448541659244384
2.55,25,88.701,2.448541659244384
2.55,26,88.701,2.448541659244384
2.55,27,88.701,2.448541659244384
2.55,28,88.701,2.448541659244384
2.55,29,88.701,2.448541659244384
2.55,30,88.701,2.448541659244384
2.55,31,88.701,2.448541659244384
2.55,32,88.701,2.448541659244384
2.55,33,88.701,2.448541659244384
2.55,34,88.701,2.448541659244384
2.55,35,88.701,2.448541659244384
2.55,36,88.701,2.448541659244384
2.55,37,88.701,2.448541659244384
2.55,38,88.701,2.448541659244384
2.55,39,88.701,2.448541659244384
2.55,40,88.701,2.448541659244384
2.55,41,88.701,2.448541659244384
2.55,42,88.701,2.448541659244384
2.55,43,88.701,2.448541659244384
2.55,44,88.701,2.448541659244384
2.55,45,88.701,2.448541659244384
2.55,46,88.701,2.448541659244384
2.55,47,88.701,2.448541659244384
2.55,48,88.701,2.448541659244384
2.55,49,88.701,2.448541659244384
2.6,0,1.0,0.0
2.6,1,2.637,0.1309684709185941
2.6,2,7.019,0.403136945769476
2.6,3,18.199,1.0884559794951265
2.6,4,45.226,2.4917057120087165
2.6,5,74.24,2.787364386797762
2.6,6,86.416,2.444033042922328
2.6,7,89.639,2.2831187881772337
2.6,8,90.498,2.2174195221395507
2.6,9,90.849,2.1991853739751974
2.6,10,90.901,2.198408364557622
2.6,11,90.901,2.198408364557622
2.6,12,90.901,2.198408364557622
2.6,13,90.901,2.198408364557622
2.6,14,90.901,2.198408364557622
2.6,15,90.901,2.198408364557622
2.6,16,90.901,2.198408364557622
2.6,17,90.901,2.198408364557622
2.6,18,90.901,2.198408364557622
2.6,19,90.901,2.198408364557622
2.6,20,90.901,2.198408364557622
2.6,21,90.901,2.198408364557622
2.6,22,90.901,2.198408364557622
2.6,23,90.901,2.198408364557622
2.6,24,90.901,2.198408364557622
2.6,25,90.901,2.198408364557622
2.6,26,90.901,2.198408364557622
2.6,27,90.901,2.198408364557622
2.6,28,90.901,2.198408364557622
2.6,29,90.901,2.198408364557622
2.6,30,90.901,2.198408364557622
2.6,31,90.901,2.198408364557622
2.6,32,90.901,2.198408364557622
2.6,33,90.901,2.198408364557622
2.6,34,90.901,2.198408364557622
2.6,35,90.901,2.198408364557622
2.6,36,90.901,2.198408364557622
2.6,37,90.901,2.198408364557622
2.6,38,90.901,2.198408364557622
2.6,39,90.901,2.198408364557622
2.6,40,90.901,2.198408364557622
2.6,41,90.901,2.198408364557622
2.6,42,90.901,2.198408364557622
2.6,43,90.901,2.198408364557622
2.6,44,90.901,2.198408364557622
2.6,45,90.901,2.198408364557622
2.6,46,90.901,2.198408364557622
2.6,47,90.901,2.198408364557622
2.6,48,90.901,2.198408364557622
2.6,49,90.901,2.198408364557622
2.65,0,1.0,0.0
2.65,1,2.725,0.13594364685438398
2.65,2,7.292,0.41841757252587275
2.65,3,19.305,1.1878846046031448
2.65,4,47.519,2.609915922222008
2.65,5,75.295,2.8244669815897367
2.65,6,85.72,2.544566845588136
2.65,7,88.618,2.4071342952364745
2.65,8,89.287,2.378131710097449
2.65,9,89.361,2.3733365783466382
2.65,10,89.388,2.3730441085547938
2.65,11,89.388,2.3730441085547938
2.65,12,89.388,2.3730441085547938
2.65,13,89.388,2.3730441085547938
2.65,14,89.388,2.3730441085547938
2.65,15,89.388,2.3730441085547938
2.65,16,89.388,2.3730441085547938
2.65,17,89.388,2.3730441085547938
2.65,18,89.388,2.3730441085547938
2.65,19,89.388,2.3730441085547938
2.65,20,89.388,2.3730441085547938
2.65,21,89.388,2.3730441085547938
2.65,22,89.388,2.3730441085547938
2.65,23,89.388,2.3730441085547938
2.65,24,89.388,2.3730441085547938
2.65,25,89.388,2.3730441085547938
2.65,26,89.388,2.3730441085547938
2.65,27,89.388,2.3730441085547938
2.65,28,89.388,2.3730441085547938
2.65,29,89.388,2.3730441085547938
2.65,30,89.388,2.3730441085547938
2.65,31,89.388,2.3730441085547938
2.65,32,89.388,2.3730441085547938
2.65,33,89.388,2.3730441085547938
2.65,34,89.388,2.3730441085547938
2.65,35,89.388,2.3730441085547938
2.65,36,89.388,2.3730441085547938
2.65,37,89.388,2.3730441085547938
2.65,38,89.388,2.3730441085547938
2.65,39,89.388,2.3730441085547938
2.65,40,89.388,2.3730441085547938
2.65,41,89.388,2.3730441085547938
2.65,42,89.388,2.3730441085547938
2.65,43,89.388,2.3730441085547938
2.65,44,89.388,2.3730441085547938
2.65,45,89.388,2.3730441085547938
2.65,46,89.388,2.3730441085547938
2.65,47,89.388,2.3730441085547938
2.65,48,89.388,2.3730441085547938
2.65,49,89.388,2.3730441085547938
2.7,0,1.0,0.0
2.7,1,2.704,0.13059185298064868
2.7,2,7.078,0.405674029191438
2.7,3,18.893,1.1358839217803975
2.7,4,47.934,2.5648271638398796
2.7,5,76.515,2.784448572177041
2.7,6,86.484,2.476193012863618
2.7,7,89.265,2.3212821111315662
2.7,8,90.118,2.2833765374287793
2.7,9,90.21,2.2790280610605436
2.7,10,90.234,2.274536392165416
2.7,11,90.291,2.2705819434695513
2.7,12,90.295,2.270660336558933
2.7,13,90.295,2.270660336558933
2.7,14,90.295,2.270660336558933
2.7,15,90.295,2.270660336558933
2.7,16,90.295,2.270660336558933
2.7,17,90.295,2.270660336558933
2.7,18,90.295,2.270660336558933
2.7,19,90.295,2.270660336558933
2.7,20,90.295,2.270660336558933
2.7,21,90.295,2.270660336558933
2.7,22,90.295,2.270660336558933
2.7,23,90.295,2.270660336558933
2.7,24,90.295,2.270660336558933
2.7,25,90.295,2.270660336558933
2.7,26,90.295,2.270660336558933
2.7,27,90.295,2.270660336558933
2.7,28,90.295,2.270660336558933
2.7,29,90.295,2.270660336558933
2.7,30,90.295,2.270660336558933
2.7,31,90.295,2.270660336558933
2.7,32,90.295,2.270660336558933
2.7,33,90.295,2.270660336558933
2.7,34,90.295,2.270660336558933
2.7,35,90.295,2.270660336558933
2.7,36,90.295,2.270660336558933
2.7,37,90.295,2.270660336558933
2.7,38,90.295,2.270660336558933
2.7,39,90.295,2.270660336558933
2.7,40,90.295,2.270660336558933
2.7,41,90.295,2.270660336558933
2.7,42,90.295,2.270660336558933
2.7,43,90.295,2.270660336558933
2.7,44,90.295,2.270660336558933
2.7,45,90.295,2.270660336558933
2.7,46,90.295,2.270660336558933
2.7,47,90.295,2.270660336558933
2.7,48,90.295,2.270660336558933
2.7,49,90.295,2.270660336558933
2.75,0,1.0,0.0
2.75,1,2.715,0.13138686427539836
2.75,2,7.621,0.43104453533976805
2.75,3,20.892,1.2363399364557175
2.75,4,52.517,2.682836844473009
2.75,5,79.634,2.663639219763951
2.75,6,88.161,2.3302972349008257
2.75,7,90.576,2.178357116243248
2.75,8,91.242,2.130342324972503
2.75,9,91.492,2.1113410466119262
2.75,10,91.565,2.1086899988430474
2.75,11,91.565,2.1086899988430474
2.75,12,91.565,2.1086899988430474
2.75,13,91.565,2.1086899988430474
2.75,14,91.565,2.1086899988430474
2.75,15,91.565,2.1086899988430474
2.75,16,91.565,2.1086899988430474
2.75,17,91.565,2.1086899988430474
2.75,18,91.565,2.1086899988430474
2.75,19,91.565,2.1086899988430474
2.75,20,91.565,2.1086899988430474
2.75,21,91.565,2.1086899988430474
2.75,22,91.565,2.1086899988430474
2.75,23,91.565,2.1086899988430474
2.75,24,91.565,2.1086899988430474
2.75,25,91.565,2.1086899988430474
2.75,26,91.565,2.1086899988430474
2.75,27,91.565,2.1086899988430474
2.75,28,91.565,2.1086899988430474
2.75,29,91.565,2.1086899988430474
2.75,30,91.565,2.1086899988430474
2.75,31,91.565,2.1086899988430474
2.75,32,91.565,2.1086899988430474
2.75,33,91.565,2.1086899988430474
2.75,34,91.565,2.1086899988430474
2.75,35,91.565,2.1086899988430474
2.75,36,91.565,2.1086899988430474
2.75,37,91.565,2.1086899988430474
2.75,38,91.565,2.1086899988430474
2.75,39,91.565,2.1086899988430474
2.75,40,91.565,2.1086899988430474
2.75,41,91.565,2.1086899988430474
2.75,42,91.565,2.1086899988430474
2.75,43,91.565,2.1086899988430474
2.75,44,91.565,2.1086899988430474
2.75,45,91.565,2.1086899988430474
2.75,46,91.565,2.1086899988430474
2.75,47,91.565,2.1086899988430474
2.75,48,91.565,2.1086899988430474
2.75,49,91.565,2.1086899988430474
2.8,0,1.0,0.0
2.8,1,2.762,0.13720628148990555
2.8,2,7.816,0.44052061383297225
2.8,3,21.802,1.2800466931273604
2.8,4,54.689,2.691526277962218
2.8,5,81.018,2.6213991913451054
2.8,6,88.843,2.2988614182956155
2.8,7,90.58,2.1922979898033645
2.8,8,91.028,2.165310837025274
2.8,9,91.097,2.1595369314320862
2.8,10,91.118,2.1593686895752313
2.8,11,91.118,2.1593686895752313
2.8,12,91.118,2.1593686895752313
2.8,13,91.118,2.1593686895752313
2.8,14,91.118,2.1593686895752313
2.8,15,91.118,2.1593686895752313
2.8,16,91.118,2.1593686895752313
2.8,17,91.118,2.1593686895752313
2.8,18,91.118,2.1593686895752313
2.8,19,91.118,2.1593686895752313
2.8,20,91.118,2.1593686895752313
2.8,21,91.118,2.1593686895752313
2.8,22,91.118,2.1593686895752313
2.8,23,91.118,2.1593686895752313
2.8,24,91.118,2.1593686895752313
2.8,25,91.118,2.1593686895752313
2.8,26,91.118,2.1593686895752313
2.8,27,91.118,2.1593686895752313
2.8,28,91.118,2.1593686895752313
2.8,29,91.118,2.1593686895752313
2.8,30,91.118,2.1593686895752313
2.8,31,91.118,2.1593686895752313
2.8,32,91.118,2.1593686895752313
2.8,33,91.118,2.1593686895752313
2.8,34,91.118,2.1593686895752313
2.8,35,91.118,2.1593686895752313
2.8,36,91.118,2.1593686895752313
2.8,37,91.118,2.1593686895752313
2.8,38,91.118,2.1593686895752313
2.8,39,91.118,2.1593686895752313
2.8,40,91.118,2.1593686895752313
2.8,41,91.118,2.1593686895752313
2.8,42,91.118,2.1593686895752313
2.8,43,91.118,2.1593686895752313
2.8,44,91.118,2.1593686895752313
2.8,45,91.118,2.1593686895752313
2.8,46,91.118,2.1593686895752313
2.8,47,91.118,2.1593686895752313
2.8,48,91.118,2.1593686895752313
2.8,49,91.118,2.1593686895752313
2.85,0,1.0,0.0
2.85,1,2.843,0.13698838066199226
2.85,2,8.288,0.46662380276827164
2.85,3,23.596,1.3882806763103694
2.85,4,58.212,2.7292866138273766
2.85,5,82.926,2.549194718933336
2.85,6,89.338,2.2647147041499665
2.85,7,90.758,2.1940977450715593
2.85,8,90.945,2.184892413687578
2.85,9,90.951,2.1849844606681046
2.85,10,90.951,2.1849844606681046
2.85,11,90.951,2.1849844606681046
2.85,12,90.951,2.1849844606681046
2.85,13,90.951,2.1849844606681046
2.85,14,90.951,2.1849844606681046
2.85,15,90.951,2.1849844606681046
2.85,16,90.951,2.1849844606681046
2.85,17,90.951,2.1849844606681046
2.85,18,90.951,2.1849844606681046
2.85,19,90.951,2.1849844606681046
2.85,20,90.951,2.1849844606681046
2.85,21,90.951,2.1849844606681046
2.85,22,90.951,2.1849844606681046
2.85,23,90.951,2.1849844606681046
2.85,24,90.951,2.1849844606681046
2.85,25,90.951,2.1849844606681046
2.85,26,90.951,2.1849844606681046
2.85,27,90.951,2.1849844606681046
2.85,28,90.951,2.1849844606681046
2.85,29,90.951,2.1849844606681046
2.85,30,90.951,2.1849844606681046
2.85,31,90.951,2.1849844606681046
2.85,32,90.951,2.1849844606681046
2.85,33,90.951,2.1849844606681046
2.85,34,90.951,2.1849844606681046
2.85,35,90.951,2.1849844606681046
2.85,36,90.951,2.1849844606681046
2.85,37,90.951,2.1849844606681046
2.85,38,90.951,2.1849844606681046
2.85,39,90.951,2.1849844606681046
2.85,40,90.951,2.1849844606681046
2.85,41,90.951,2.1849844606681046
2.85,42,90.951,2.1849844606681046
2.85,43,90.951,2.1849844606681046
2.85,44,90.951,2.1849844606681046
2.85,45,90.951,2.1849844606681046
2.85,46,90.951,2.1849844606681046
2.85,47,90.951,2.1849844606681046
2.85,48,90.951,2.1849844606681046
2.85,49,90.951,2.1849844606681046
2.9,0,1.0,0.0
2.9,1,2.901,0.13637791433031277
2.9,2,8.434,0.456827840291429
2.9,3,24.523,1.4175944316542015
2.9,4,60.409,2.686257430130759
2.9,5,85.321,2.323195210659051
2.9,6,91.645,1.9981579310574773
2.9,7,92.673,1.933362071470782
2.9,8,92.822,1.927609112639601
2.9,9,92.822,1.927609112639601
2.9,10,92.822,1.927609112639601
2.9,11,92.822,1.927609112639601
2.9,12,92.822,1.927609112639601
2.9,13,92.822,1.927609112639601
2.9,14,92.822,1.927609112639601
2.9,15,92.822,1.927609112639601
2.9,16,92.822,1.927609112639601
2.9,17,92.822,1.927609112639601
2.9,18,92.822,1.927609112639601
2.9,19,92.822,1.927609112639601
2.9,20,92.822,1.927609112639601
2.9,21,92.822,1.927609112639601
2.9,22,92.822,1.927609112639601
2.9,23,92.822,1.927609112639601
2.9,24,92.822,1.927609112639601
2.9,25,92.822,1.927609112639601
2.9,26,92.822,1.927609112639601
2.9,27,92.822,1.927609112639601
2.9,28,92.822,1.927609112639601
2.9,29,92.822,1.927609112639601
2.9,30,92.822,1.927609112639601
2.9,31,92.822,1.927609112639601
2.9,32,92.822,1.927609112639601
2.9,33,92.822,1.927609112639601
2.9,34,92.822,1.927609112639601
2.9,35,92.822,1.927609112639601
2.9,36,92.822,1.927609112639601
2.9,37,92.822,1.927609112639601
2.9,38,92.822,1.927609112639601
2.9,39,92.822,1.927609112639601
2.9,40,92.822,1.927609112639601
2.9,41,92.822,1.927609112639601
2.9,42,92.822,1.927609112639601
2.9,43,92.822,1.927609112639601
2.9,44,92.822,1.927609112639601
2.9,45,92.822,1.927609112639601
2.9,46,92.822,1.927609112639601
2.9,47,92.822,1.927609112639601
2.9,48,92.822,1.927609112639601
2.9,49,92.822,1.927609112639601
2.95,0,1.0,0.0
2.95,1,3.039,0.146335195516893
2.95,2,8.87,0.5059593650154746
2.95,3,26.047,1.5265147504848642
2.95,4,62.559,2.7284568638693827
2.95,5,86.007,2.295477206123664
2.95,6,91.841,1.9912438709871623
2.95,7,92.641,1.9268926973421685
2.95,8,92.927,1.8982161057236908
2.95,9,93.089,1.8843191888044686
2.95,10,93.126,1.8826759533542514
2.95,11,93.126,1.8826759533542514
2.95,12,93.126,1.8826759533542514
2.95,13,93.126,1.8826759533542514
2.95,14,93.126,1.8826759533542514
2.95,15,93.126,1.8826759533542514
2.95,16,93.126,1.8826759533542514
2.95,17,93.126,1.8826759533542514
2.95,18,93.126,1.8826759533542514
2.95,19,93.126,1.8826759533542514
2.95,20,93.126,1.8826759533542514
2.95,21,93.126,1.8826759533542514
2.95,22,93.126,1.8826759533542514
2.95,23,93.126,1.8826759533542514
2.95,24,93.126,1.8826759533542514
2.95,25,93.126,1.8826759533542514
2.95,26,93.126,1.8826759533542514
2.95,27,93.126,1.8826759533542514
2.95,28,93.126,1.8826759533542514
2.95,29,93.126,1.8826759533542514
2.95,30,93.126,1.8826759533542514
2.95,31,93.126,1.8826759533542514
2.95,32,93.126,1.8826759533542514
2.95,33,93.126,1.8826759533542514
2.95,34,93.126,1.8826759533542514
2.95,35,93.126,1.8826759533542514
2.95,36,93.126,1.8826759533542514
2.95,37,93.126,1.8826759533542514
2.95,38,93.126,1.8826759533542514
2.95,39,93.126,1.8826759533542514
2.95,40,93.126,1.8826759533542514
2.95,41,93.126,1.8826759533542514
2.95,42,93.126,1.8826759533542514
2.95,43,93.126,1.8826759533542514
2.95,44,93.126,1.8826759533542514
2.95,45,93.126,1.8826759533542514
2.95,46,93.126,1.8826759533542514
2.95,47,93.126,1.8826759533542514
2.95,48,93.126,1.8826759533542514
2.95,49,93.126,1.8826759533542514
3.0,0,1.0,0.0
3.0,1,2.931,0.13215382549958754
3.0,2,8.762,0.46461674844694834
3.0,3,26.07,1.4287544911691619
3.0,4,64.662,2.7125057323494275
3.0,5,86.622,2.2962086046941295
3.0,6,91.461,2.0452124880975333
3.0,7,92.422,1.9662874637284773
3.0,8,92.615,1.9565806354203943
3.0,9,92.615,1.9565806354203943
3.0,10,92.615,1.9565806354203943
3.0,11,92.615,1.9565806354203943
3.0,12,92.615,1.9565806354203943
3.0,13,92.615,1.9565806354203943
3.0,14,92.615,1.9565806354203943
3.0,15,92.615,1.9565806354203943
3.0,16,92.615,1.9565806354203943
3.0,17,92.615,1.9565806354203943
3.0,18,92.615,1.9565806354203943
3.0,19,92.615,1.9565806354203943
3.0,20,92.615,1.9565806354203943
3.0,21,92.615,1.9565806354203943
3.0,22,92.615,1.9565806354203943
3.0,23,92.615,1.9565806354203943
3.0,24,92.615,1.9565806354203943
3.0,25,92.615,1.9565806354203943
3.0,26,92.615,1.9565806354203943
3.0,27,92.615,1.9565806354203943
3.0,28,92.615,1.9565806354203943
3.0,29,92.615,1.9565806354203943
3.0,30,92.615,1.9565806354203943
3.0,31,92.615,1.9565806354203943
3.0,32,92.615,1.9565806354203943
3.0,33,92.615,1.9565806354203943
3.0,34,92.615,1.9565806354203943
3.0,35,92.615,1.9565806354203943
3.0,36,92.615,1.9565806354203943
3.0,37,92.615,1.9565806354203943
3.0,38,92.615,1.9565806354203943
3.0,39,92.615,1.9565806354203943
3.0,40,92.615,1.9565806354203943
3.0,41,92.615,1.9565806354203943
3.0,42,92.615,1.9565806354203943
3.0,43,92.615,1.9565806354203943
3.0,44,92.615,1.9565806354203943
3.0,45,92.615,1.9565806354203943
3.0,46,92.615,1.9565806354203943
3.0,47,92.615,1.9565806354203943
3.0,48,92.615,1.9565806354203943
3.0,49,92.615,1.9565806354203943
